<?xml version="1.0" encoding="UTF-8"?>
<beans xmlns="http://www.springframework.org/schema/beans"
	xmlns:xsi="http://www.w3.org/2001/XMLSchema-instance"
	xsi:schemaLocation="http://www.springframework.org/schema/beans https://www.springframework.org/schema/beans/spring-beans.xsd">
	
	<!-- Root Context: defines shared resources visible to all other web components -->
	<!--  Root Context : 웹 서버 전체 설정과 관련된 내용을 작성하는 XML 파일  -->
	<!--  DataSource : 연결하고자 하는 DB 설정을 담당하는 객체  -->
	<bean id="dataSource" class="org.springframework.jdbc.datasource.DriverManagerDataSource">
    	<property name="driverClassName" value="oracle.jdbc.driver.OracleDriver" />
    	<property name="url" value="jdbc:oracle:thin:@localhost:1521/xepdb1"/>
    	<property name="username" value="NEWLEC"/>
    	<property name="password" value="5794"/>
    </bean>
	
	<!--  Mybatis 연동 설정  -->
	<bean id="sqlSessionFactoryBean" class="org.mybatis.spring.SqlSessionFactoryBean">
		<!--  dataSource : 마이바티스 빈 객체에 사용할 DB 설정 객체 참조  -->
		<property name="dataSource" ref="dataSource"/>
		<!--  mapperLocations : mybatis-config에 작성하였던 mapper 파일들을 한번에 불러오기 위한 설정  -->
		<property name="mapperLocations" value="classpath*:mappers/*.xml"/>
		<!--  configLocation : mybatis-config 설정을 읽어 오기 위한 속성  -->
		<property name="configLocation" value="classpath:mybatis-config.xml"/>
	</bean>
	
	<!--  Mybatis 사용과 관련된 sqlSessionTemplate 등록하기  -->
	<bean id="sqlSessionTemplate" class="org.mybatis.spring.SqlSessionTemplate">
		<constructor-arg index="0" ref="sqlSessionFactoryBean"/>
	</bean>
	
	<!--  트랜잭션 처리와 관련된 매니저 객체 설정  -->
	<bean id="transactionManager" class="org.springframework.jdbc.datasource.DataSourceTransactionManager">
		<property name="dataSource" ref="dataSource"/>
	</bean>
	
<!-- 
	email 인증 관련
    <bean id="javaMailSender" class="org.springframework.mail.javamail.JavaMailSenderImpl">
        <property name="host" value="smtp.gmail.com" />
        <property name="port" value="587" />
        <property name="username" value="summer13121312@gmail.com"/>
        <property name="password" value="summer123!" />
        <property name="javaMailProperties">
            <props>
            
                <prop key="mail.smtp.ssl.trust">smtp.gmail.com</prop>
                <prop key="mail.smtp.starttls.enable">true</prop>
                <prop key="mail.smtp.auth">true</prop>
            
            	 <prop key="mail.transport.protocol">smtp</prop>
            	 <prop key="mail.smtp.auth">true</prop>
           		 <prop key="mail.smtp.starttls.enable">true</prop>
                
            </props>
        </property>
    </bean>
	<bean id="mailService" class="com.kh.summer.common.mail.MailServiceImpl">
    	<property name="javaMailSender" ref="javaMailSender" />
	</bean> 
-->

</beans>
