<?xml version="1.0" encoding="UTF-8"?>
<!DOCTYPE mapper PUBLIC "-//mybatis.org//DTD Mapper 3.0//EN" "http://mybatis.org/dtd/mybatis-3-mapper.dtd">
<mapper namespace="cartMapper">
	<select id="selectCartList" parameterType="string" resultType="hashmap">
		SELECT C.CARTNO, PCODE, C.USERID,  C.AMOUNT, C.PSIZE, P.PNAME, P.PPRICE, A.NEWFILENAME, A.FILEPATH
		FROM CART C
		JOIN PRODUCT P USING(PCODE)
		JOIN ATTACHMENT A USING(PCODE)
		WHERE USERID = #{ userId }
		AND A.FINDEX = 1
		ORDER BY CARTNO  
	</select>
	
	<delete id="deleteCart" parameterType="_int">
		DELETE FROM CART
		WHERE CARTNO = #{ cartNo }
	</delete>
	
	<select id="selectCartTotalContents" parameterType="string" resultType="_int">
		SELECT COUNT(*)
		FROM CART C
		JOIN PRODUCT P USING(PCODE)
		JOIN ATTACHMENT A USING(PCODE)
		WHERE USERID = #{ userId }
		AND A.FINDEX = 1
	</select>
	
	<insert id="insertSmallCart" parameterType="hashmap">
		INSERT INTO CART 
		VALUES(CART_SEQ.NEXTVAL,#{ userId },#{ pCode },'S',#{sAmount})
  	</insert>
  	
  	<insert id="insertMiddleCart" parameterType="hashmap">
		INSERT INTO CART 
		VALUES(CART_SEQ.NEXTVAL,#{ userId },#{ pCode },'M',#{mAmount})
  	</insert>
  	
  	<insert id="insertLargeCart" parameterType="hashmap">
		INSERT INTO CART 
		VALUES(CART_SEQ.NEXTVAL,#{ userId },#{ pCode },'L',#{lAmount})
  	</insert>
  
</mapper>