<?xml version="1.0" encoding="UTF-8"?>
<!DOCTYPE mapper PUBLIC "-//mybatis.org//DTD Mapper 3.0//EN" "http://mybatis.org/dtd/mybatis-3-mapper.dtd">
<mapper namespace="memberMapper">

	<select id="selectMember" parameterType="string" resultType="Member">
		SELECT * FROM MEMBER
		WHERE USERID = #{userId}
	</select> 
	
	<update id="updateMember" parameterType="Member">
		UPDATE MEMBER SET
		  <if test='password != ""'>
		      PASSWORD = #{ password }, 
		  </if>
		  <if test='address != " "'>
			  ADDRESS = #{ address },
		  </if>
		  NICKNAME = #{ nickName },
		  EMAIL = #{ email },
		  PHONE = #{ phone }
		WHERE USERID = #{ userId }
	</update>
	
	<delete id="deleteMember" parameterType="string">
		UPDATE MEMBER SET
			MSTATUS = 'N'
		WHERE USERID = #{ userId }
	</delete> 

	<!-- 아이디 중복 체크 -->
	<select id="checkIdDuplicate" parameterType="hashmap" resultType="_int">
		SELECT COUNT(*) FROM MEMBER
		WHERE USERID = #{ userId }
	</select>

	<!-- 닉네임 중복 체크 -->
	<select id="nickNameDupChk" parameterType="hashmap" resultType="_int">
		SELECT COUNT(*) FROM MEMBER
		WHERE NICKNAME = #{ nickName }
	</select>
	
	<!-- 이메일 중복 체크 -->
	<select id="emailDupChk" parameterType="hashmap" resultType="_int">
		SELECT COUNT(*) FROM MEMBER
		WHERE EMAIL = #{ email }
	</select>
	
	 <insert id="insertMember" parameterType="Member">
		INSERT INTO MEMBER VALUES(
			#{ userId }, #{ password }, #{ userName }, #{ nickName }, 
			 #{ birth }, #{ gender },  #{ phone }, #{ address }, #{ email },
			DEFAULT, DEFAULT, DEFAULT, DEFAULT, DEFAULT
		)
	</insert>
	
	<select id="findID" parameterType="Member" resultType="Member">
		SELECT * FROM MEMBER
		WHERE USERNAME = #{userName}
		AND BIRTH = #{birth}
		AND EMAIL = #{email}
	</select>
	
	<select id="findInfoCheck" parameterType="Member" resultType="_int">
		SELECT COUNT(*) FROM MEMBER
		WHERE USERID = #{userId}
		AND EMAIL = #{email}
	</select>
	
	<!-- <update id="changePW" parameterType="Member">
		UPDATE MEMBER
		SET PASSWORD = #{password}
		WHERE USERID = #{userId}
	</update>
	 -->
</mapper>









