<?xml version="1.0" encoding="UTF-8"?>
<!DOCTYPE mapper PUBLIC "-//mybatis.org//DTD Mapper 3.0//EN" "http://mybatis.org/dtd/mybatis-3-mapper.dtd">
<mapper namespace="mypageMapper">

	<select id="selectReviewList" parameterType="string" resultType="hashmap">
		SELECT  B.BNO, BTITLE, BC.CCONTENTS, BC.CDATE, A.*
		FROM BOARD B
		JOIN BOARDCOMMENT BC ON(B.BNO = BC.BNO)
		JOIN ATTACHMENT A ON (A.BNO = B.BNO)
		WHERE B.BTNO = 1
		AND REVIEW = 'Y'
		AND CSTATUS = 'Y'
		AND BC.USERID = #{userId}
		ORDER BY BC.CDATE DESC
	</select>
	
	<select id="selectReviewTotalContents" parameterType="string" resultType="_int">
		SELECT  COUNT(*)
		FROM BOARDCOMMENT
		WHERE CSTATUS = 'Y'
		AND REVIEW = 'Y'
		AND USERID = #{userId}
	</select>
	
	<select id="selectLikeList" parameterType="string" resultType="hashmap">
		SELECT L.BNO, B.BTITLE, B.USERID, LDATE
		FROM LIKELIST L
		JOIN BOARD B ON(L.BNO=B.BNO)
		WHERE L.USERID = #{userId}
		AND B.BSTATUS = 'Y'
		ORDER BY LDATE DESC
	</select>
	
	<select id="selectLikeTotalContents" parameterType="string" resultType="_int">
		SELECT COUNT(*)
		FROM LIKELIST L
		JOIN BOARD B ON(L.BNO=B.BNO)
		WHERE B.BSTATUS = 'Y'
		AND L.USERID = #{userId}
		GROUP BY L.USERID
	</select>
	
	<select id="selectPointList" parameterType="string" resultType="hashmap">
		SELECT O.ONO, O.OINFO, P.EARN, P.USE, P.PDATE
		FROM POINT P
        LEFT JOIN ORDERINFO O ON(O.ONO=P.ONO)
		WHERE P.USERID = 'user01'
		ORDER BY P.PDATE DESC
	</select>
	
	<select id="selectPointTotalContents" parameterType="string" resultType="_int">
		SELECT COUNT(*)
		FROM POINT P
		LEFT JOIN ORDERINFO O ON(O.ONO=P.ONO)
		WHERE P.USERID = #{userId}
		GROUP BY P.USERID
	</select>
	
	<select id="selectMemberTopSize" parameterType="string" resultType="MemberTopSize">
		SELECT * FROM MEMBERTOPSIZE
		WHERE USERID = #{userId}
	</select>
	
	<select id="selectMemberPantsSize" parameterType="string" resultType="MemberPantsSize">
		SELECT * FROM MEMBERPANTSSIZE
		WHERE USERID = #{userId}
	</select> 
	
	<insert id="insertMemberTopSize" parameterType="map">
		INSERT INTO MEMBERTOPSIZE
		VALUES(#{userId}, #{total}, #{shoulder}, #{chest}, #{sleeve}, DEFAULT , DEFAULT)
	</insert>
	
	<insert id="insertMemberPantsSize" parameterType="map">
		INSERT INTO MEMBERPANTSSIZE
		VALUES(#{userId}, #{total}, #{waist}, #{thigh}, #{rise}, #{hem}, DEFAULT , DEFAULT)
	</insert>
	
	<update id="updateMemberTopSize" parameterType="map">
		UPDATE MEMBERTOPSIZE
		SET TOTAL = #{total}, SHOULDER = #{shoulder}, CHEST = #{chest}, SLEEVE = #{sleeve}
		WHERE USERID = #{userId}
	</update>
	
	<update id="updateMemberPantsSize" parameterType="map">
		UPDATE MEMBERPANTSSIZE
		SET TOTAL = #{total}, WAIST = #{waist}, THIGH = #{thigh}, RISE = #{rise}, HEM = #{hem}
		WHERE USERID = #{userId}
	</update>
	
	<select id="selectQuestionList" parameterType="string" resultType="hashmap">
		SELECT Q.QNO, QT.QTYPENAME, Q.QTITLE, Q.ASTATUS, Q.QDATE
		FROM QUESTION Q
		JOIN QUESTIONTYPE QT ON(Q.QTYPENO=QT.QTYPENO)
		WHERE Q.USERID = #{userId}
		ORDER BY Q.QDATE DESC
	</select>
	
	<select id="selectQuestionTotalContents" parameterType="string" resultType="_int">
		SELECT COUNT(*)
		FROM QUESTION Q
		WHERE USERID = #{userId}
	</select> 
	
</mapper>









