<?xml version="1.0" encoding="UTF-8"?>
<!DOCTYPE mapper PUBLIC "-//mybatis.org//DTD Mapper 3.0//EN" "http://mybatis.org/dtd/mybatis-3-mapper.dtd">
<mapper namespace="noticeMapper">

	<select id="selectNoticeList" resultType="hashmap">
		SELECT B.*
			 , (SELECT COUNT(*) FROM ATTACHMENT WHERE BNO = B.BNO) AS FILECOUNT
			 , (SELECT NICKNAME FROM MEMBER WHERE USERID = B.USERID) AS WRITER
			 , TO_CHAR(BDATE,'YYYY.MM.DD') AS BDATE2CHAR
			 , (SELECT COUNT(*) FROM BOARDCOMMENT WHERE BNO = B.BNO) AS COMMENTS
		FROM BOARD B
		WHERE B.BTNO = 5 AND B.BSTATUS = 'Y'
		ORDER BY BDATE DESC, BNO DESC
	</select>
	
  	<select id="selectNoticeTotalContents" resultType="_int">
  		SELECT COUNT(*) FROM BOARD WHERE BTNO = 5
  	</select>
  	<select id="selectOneNotice" parameterType="_int" resultType="hashmap">
  		SELECT B.*
			 , (SELECT NICKNAME FROM MEMBER WHERE USERID = B.USERID) AS WRITER
			 , TO_CHAR(BDATE, 'YYYY.MM.DD HH24:mi') AS BDATE2CHAR
			 , (SELECT COUNT(*) FROM BOARDCOMMENT WHERE BNO = B.BNO AND CSTATUS = 'Y' AND REVIEW = 'N') AS COMMENTCOUNT
		FROM BOARD B
		WHERE B.BNO = #{ bNo } AND b.BSTATUS = 'Y'
  	</select>
  	
  	<select id="selectAttachmentList" parameterType="_int" resultType="hashmap">
		SELECT * FROM ATTACHMENT WHERE BNO = #{ bNo } ORDER BY ANO
	</select>
	
	<select id="selectNoticeCommentList" parameterType="_int" resultType="hashmap">
		SELECT BC.*
			 , (SELECT NICKNAME FROM MEMBER WHERE USERID = BC.USERID) AS WRITER
			 , TO_CHAR(CDATE, 'YYYY.MM.DD HH24:mi') AS DATE2CHAR
		FROM BOARDCOMMENT BC
		WHERE BC.BNO = #{ bNo } AND BC.CSTATUS = 'Y' AND BC.REVIEW = 'N'
		ORDER BY CDATE, BCNO
	</select>
	
	<insert id="insertNotice" parameterType="Board">
		INSERT INTO BOARD
		VALUES (BOARD_SEQ.NEXTVAL, 5, #{bTitle}, #{bContents}, #{userId}, SYSDATE, 0, 'Y',NULL)
	</insert>
	
	<insert id="insertAttachment" parameterType="Attachment">

		<!-- selectKey 기능 -->
		<!-- 다른 테이블의 정보를 외래키로 가져올 경우 사용하는 기능 -->
		
		<selectKey keyProperty="bNo" resultType="_int" order="BEFORE">
			SELECT BOARD_SEQ.CURRVAL FROM DUAL
		</selectKey>

		INSERT INTO ATTACHMENT
		VALUES (ATTACHMENT_SEQ.NEXTVAL, #{oldFileName}, #{newFileName}, #{filePath}, DEFAULT, DEFAULT, #{bNo}, DEFAULT)
	</insert>
	
	<update id="updateViews" parameterType="_int">
		UPDATE BOARD
		SET VIEWS = VIEWS + 1
		WHERE BNO = #{ bNo } AND BSTATUS = 'Y'
	</update> 
	
	<insert id="insertComment" parameterType="hashmap">
		INSERT INTO BOARDCOMMENT VALUES(BOARDCOMMENT_SEQ.NEXTVAL, #{BNO}, #{CCONTENTS}, #{USERID}, SYSDATE, 'Y', 'N', 0, DEFAULT)
	</insert>
	
	<update id="deleteComment" parameterType="_int">
		UPDATE BOARDCOMMENT
		SET CSTATUS = 'N'
		WHERE BCNO = #{ bcNo }
	</update> 
  	
  	<!-- 관리자 문의사항 -->
  	
  	<!-- <select id="selectAdminNoticeList" resultType="hashmap">
		SELECT * FROM BOARD
		ORDER BY BNO DESC
	</select> -->
	
  	<!-- <select id="selectAdminNoticeTotalContents" resultType="_int">
  		SELECT COUNT(*) FROM BOARD
  	</select> -->
  	
  	<!-- <select id="selectOneAdminNotice" parameterType="_int" resultType="FAQ">
  		SELECT * FROM BOARD
  		WHERE BNO = #{bNo}
  	</select> -->
  	
	<!-- <insert id="insertAdminNotice" parameterType="FAQ">
  		INSERT INTO BOARD
  		VALUES ( SEQ_BNO.NEXTVAL, #{btNo}, #{bTitle}, #{bContents}, #{userId}, #{bDate}, DEFAULT, DEFAULT, DEFAULT)
  	</insert> --> 
  	
  	<!-- <delete id="adminNoticeDelete" parameterType="_int">
		DELETE FROM BOARD
		WHERE BNO = #{bNo}
	</delete> -->

</mapper>