<?xml version="1.0" encoding="UTF-8"?>
<!DOCTYPE mapper PUBLIC "-//mybatis.org//DTD Mapper 3.0//EN" "http://mybatis.org/dtd/mybatis-3-mapper.dtd">
<mapper namespace="storeMapper">

	<select id="selectStoreOuterList" parameterType="string" resultType="hashmap">
		SELECT B.*, P.*,  A.*
                , NVL((SELECT COUNT(*) FROM LIKELIST WHERE B.BNO = BNO GROUP BY B.BNO), 0) BLIKE
		FROM PRODUCT P , BOARD B JOIN ATTACHMENT A ON (A.BNO = B.BNO)
		WHERE PTYPE = 1 AND PSTOCK > 0 AND BTNO = 1 AND B.BSTATUS = 'Y' AND P.PCODE = B.PCODE
		<choose>
        	<when test='sort == "time"'>ORDER BY B.BNO DESC</when>
         	<when test='sort == "views"'>ORDER BY B.VIEWS DESC</when>
         	<when test='sort == "like"'>ORDER BY BLIKE DESC</when>
         	<otherwise>ORDER BY B.BNO DESC</otherwise>
      	</choose>
	</select> 
	
	<select id="selectStoreOuterTotalContents" resultType="_int">
		SELECT COUNT(*) 
		FROM BOARD B, PRODUCT P 
		WHERE B.PCODE = P.PCODE AND BTNO = 1 AND BSTATUS = 'Y' AND PTYPE = 1
	</select> 
	
	<select id="selectStoreTopList" parameterType="string" resultType="hashmap">
		SELECT B.*, P.*,  A.*
                , NVL((SELECT COUNT(*) FROM LIKELIST WHERE B.BNO = BNO GROUP BY B.BNO), 0) BLIKE
		FROM PRODUCT P , BOARD B JOIN ATTACHMENT A ON (A.BNO = B.BNO)
		WHERE PTYPE = 2 AND PSTOCK > 0 AND BTNO = 1 AND B.BSTATUS = 'Y' AND P.PCODE = B.PCODE
		<choose>
        	<when test='sort == "time"'>ORDER BY B.BNO DESC</when>
         	<when test='sort == "views"'>ORDER BY B.VIEWS DESC</when>
         	<when test='sort == "like"'>ORDER BY BLIKE DESC</when>
         	<otherwise>ORDER BY B.BNO DESC</otherwise>
      	</choose>
	</select>	
	 
	<select id="selectStoreTopTotalContents" resultType="_int">
		SELECT COUNT(*) 
		FROM BOARD B, PRODUCT P 
		WHERE B.PCODE = P.PCODE AND BTNO = 1 AND BSTATUS = 'Y' AND PTYPE = 2
	</select> 

	<select id="selectStorePantsList" parameterType="string" resultType="hashmap">
		SELECT B.*, P.*,  A.*
                , NVL((SELECT COUNT(*) FROM LIKELIST WHERE B.BNO = BNO GROUP BY B.BNO), 0) BLIKE
		FROM PRODUCT P , BOARD B JOIN ATTACHMENT A ON (A.BNO = B.BNO)
		WHERE PTYPE = 3 AND PSTOCK > 0 AND BTNO = 1 AND B.BSTATUS = 'Y' AND P.PCODE = B.PCODE
		<choose>
        	<when test='sort == "time"'>ORDER BY B.BNO DESC</when>
         	<when test='sort == "views"'>ORDER BY B.VIEWS DESC</when>
         	<when test='sort == "like"'>ORDER BY BLIKE DESC</when>
         	<otherwise>ORDER BY B.BNO DESC</otherwise>
      	</choose>
	</select> 
	
	<select id="selectStorePantsTotalContents" resultType="_int">
		SELECT COUNT(*) 
		FROM BOARD B, PRODUCT P 
		WHERE B.PCODE = P.PCODE AND BTNO = 1 AND BSTATUS = 'Y' AND PTYPE = 3
	</select> 
	 
	<select id="selectOneStore" parameterType="_int" resultType="hashmap">
		SELECT B.*, P.*, A.*
        	, (SELECT COUNT(*) FROM BOARDCOMMENT WHERE BNO = B.BNO AND CSTATUS = 'Y') AS COMMENTCOUNT
            , (SELECT COUNT(*) FROM (SELECT USERID FROM LIKELIST WHERE BNO = #{ bNo })) AS BLIKE
		FROM BOARD B, PRODUCT P, ATTACHMENT A
		WHERE (B.PCODE = P.PCODE) AND B.BNO = #{ bNo } AND A.BNO = B.BNO
	</select>
	 
	 <select id="selectAttachmentList" parameterType="_int" resultType="hashmap">
		SELECT * FROM ATTACHMENT WHERE BNO = #{ bNo } ORDER BY ANO
	</select>
	
	<select id="selectStoreCommentList" parameterType="_int" resultType="hashmap">
		SELECT A.*
			 , (SELECT NICKNAME FROM MEMBER WHERE USERID = A.USERID) AS WRITER
			 , TO_CHAR(CDATE, 'YYYY.MM.DD HH24:mi') AS DATE2CHAR
		FROM BOARDCOMMENT A
		WHERE A.BNO = #{ bNo } AND A.CSTATUS = 'Y'
		ORDER BY CDATE, BCNO
	</select> 
	
	<update id="updateViews" parameterType="_int">
		UPDATE BOARD
		SET VIEWS = VIEWS + 1
		WHERE BNO = #{ bNo } AND BSTATUS = 'Y'
	</update>
	
	<update id="updateLike" parameterType="hashmap">
		INSERT INTO LIKELIST
		VALUES(LNO_SEQ.NEXTVAL, #{no} , #{userId} ,SYSDATE)
	</update>

	<select id="isLike" parameterType="hashmap" resultType="_int">
		SELECT COUNT(*) FROM LIKELIST
		WHERE BNO=#{no} AND USERID=#{userId}
	</select>
	
	<select id="selectTopSize" parameterType="_int" resultType="hashmap">
		SELECT LTS.*, MTS.*, STS.*
		FROM BOARD B, LTOPSIZE LTS, MTOPSIZE MTS, STOPSIZE STS
		WHERE BNO = #{no} AND B.PCODE = LTS.PCODE AND B.PCODE = MTS.PCODE AND B.PCODE = STS.PCODE
	</select>
	<select id="selectPantsSize" parameterType="_int" resultType="hashmap">
		SELECT LPS.*, MPS.*, SPS.*
		FROM BOARD B, LPANTSSIZE LPS, MPANTSSIZE MPS, SPANTSSIZE SPS
		WHERE BNO = #{no} AND B.PCODE = LPS.PCODE AND B.PCODE = MPS.PCODE AND B.PCODE = SPS.PCODE
	</select>
	
	<select id="selectMyTopSize" parameterType="string" resultType="hashmap">
		SELECT *
		FROM MEMBERTOPSIZE
		WHERE USERID = #{Id}
	</select>
	
	<select id="selectMyPantsSize" parameterType="string" resultType="hashmap">
		SELECT *
		FROM MEMBERPANTSSIZE
		WHERE USERID = #{Id}
	</select> 
	
	<!-- <select id="selectSmallSize" parameterType="hashmap" resultType="hashmap">
		SELECT T.TSIZE, P.PPRICE
		FROM TOP T, PRODUCT P
		WHERE (T.PCODE = P.PCODE) AND (T.TSIZE = #{ storeSize }) AND T.PCODE = #{ pCode };
	</select> -->
	
	<insert id="insertStoreComment" parameterType="hashmap">
		INSERT INTO BOARDCOMMENT VALUES(BOARDCOMMENT_SEQ.NEXTVAL, #{BNO}, #{CCONTENTS}, #{USERID}, SYSDATE, 'Y', 'N', 0, DEFAULT)
	</insert> 
	
	<delete id="deleteStoreComment" parameterType="_int">
		DELETE FROM BOARDCOMMENT WHERE BCNO = #{ bcNo }
	</delete>
	
	<select id="selectStoreMainList" resultType="hashmap">
		SELECT B.*, P.*,  A.*
                , NVL((SELECT COUNT(*) FROM LIKELIST WHERE B.BNO = BNO GROUP BY B.BNO), 0) BLIKE
		FROM PRODUCT P , BOARD B JOIN ATTACHMENT A ON (A.BNO = B.BNO)
		WHERE PSTOCK > 0 AND BTNO = 1 AND B.BSTATUS = 'Y' AND P.PCODE = B.PCODE
        ORDER BY PSOLD DESC
	</select>
	
	<select id="selectStoreOuterBestItems" resultType="hashmap">
		SELECT B.*, P.*,  A.*
                , NVL((SELECT COUNT(*) FROM LIKELIST WHERE B.BNO = BNO GROUP BY B.BNO), 0) BLIKE
		FROM PRODUCT P , BOARD B JOIN ATTACHMENT A ON (A.BNO = B.BNO)
		WHERE PSTOCK > 0 AND BTNO = 1 AND PTYPE = '1' AND B.BSTATUS = 'Y' AND P.PCODE = B.PCODE
        ORDER BY PSOLD DESC
	</select>
	
	<select id="selectStoreTopBestItems" resultType="hashmap">
		SELECT B.*, P.*,  A.*
                , NVL((SELECT COUNT(*) FROM LIKELIST WHERE B.BNO = BNO GROUP BY B.BNO), 0) BLIKE
		FROM PRODUCT P , BOARD B JOIN ATTACHMENT A ON (A.BNO = B.BNO)
		WHERE PSTOCK > 0 AND BTNO = 1 AND PTYPE = '2' AND B.BSTATUS = 'Y' AND P.PCODE = B.PCODE
        ORDER BY PSOLD DESC
	</select>
	
	<select id="selectStorePantsBestItems" resultType="hashmap">
		SELECT B.*, P.*,  A.*
                , NVL((SELECT COUNT(*) FROM LIKELIST WHERE B.BNO = BNO GROUP BY B.BNO), 0) BLIKE
		FROM PRODUCT P , BOARD B JOIN ATTACHMENT A ON (A.BNO = B.BNO)
		WHERE PSTOCK > 0 AND BTNO = 1 AND PTYPE = '3' AND B.BSTATUS = 'Y' AND P.PCODE = B.PCODE
        ORDER BY PSOLD DESC
	</select>
	
	<update id="updateProductSold" parameterType="String">
		UPDATE PRODUCT SET PSOLD = PSOLD + 1 WHERE PCODE = #{strProductCode}
	</update>
	
	<select id="selectMainPageList" resultType="hashmap">
		SELECT B.*, P.*,  A.*
                , NVL((SELECT COUNT(*) FROM LIKELIST WHERE B.BNO = BNO GROUP BY B.BNO), 0) BLIKE
		FROM PRODUCT P , BOARD B JOIN ATTACHMENT A ON (A.BNO = B.BNO)
		WHERE PSTOCK > 0 AND BTNO = 1 AND B.BSTATUS = 'Y' AND P.PCODE = B.PCODE
        ORDER BY PSOLD DESC
	</select>
	
	<select id="selectOuterSearch" resultType="hashmap">
		SELECT B.*, A.NEWFILENAME, A.FILEPATH, P.*,
			   NVL((SELECT COUNT(*) FROM LIKELIST WHERE B.BNO = BNO GROUP BY B.BNO), 0) BLIKE
		FROM BOARD B JOIN ATTACHMENT A ON(B.BNO = A.BNO) JOIN PRODUCT P ON(B.PCODE = P.PCODE) 
		WHERE B.BTNO = 1
		AND A.FINDEX = 1
		AND B.BSTATUS = 'Y'
		AND P.PTYPE = 1
		<choose>
			<when test='searchCt == "all"'>AND (B.BTITLE LIKE '%'||#{search}||'%' OR B.USERID LIKE '%'||#{search}||'%')</when>
			<when test='searchCt == "title"'>AND B.BTITLE LIKE '%'||#{search}||'%'</when>
			<when test='searchCt == "writer"'>AND B.USERID LIKE '%'||#{search}||'%'</when>
		</choose>
		ORDER BY B.BNO DESC
	</select>
	
	<select id="selectOuterSearchCount" resultType="_int">
		SELECT COUNT(*) 
        FROM BOARD B JOIN PRODUCT P ON(B.PCODE = P.PCODE) 
        WHERE BTNO = 1 AND BSTATUS = 'Y' AND PTYPE = 1
		<choose>
			<when test='searchCt == "all"'>AND (BTITLE LIKE '%'||#{search}||'%' OR USERID LIKE '%'||#{search}||'%')</when>
			<when test='searchCt == "title"'>AND BTITLE LIKE '%'||#{search}||'%'</when>
			<when test='searchCt == "writer"'>AND USERID LIKE '%'||#{search}||'%'</when>
		</choose>
	</select>
	
	
	
	<select id="selectTopSearch" resultType="hashmap">
		SELECT B.*, A.NEWFILENAME, A.FILEPATH, P.*,
			   NVL((SELECT COUNT(*) FROM LIKELIST WHERE B.BNO = BNO GROUP BY B.BNO), 0) BLIKE
		FROM BOARD B JOIN ATTACHMENT A ON(B.BNO = A.BNO) JOIN PRODUCT P ON(B.PCODE = P.PCODE) 
		WHERE B.BTNO = 1
		AND A.FINDEX = 1
		AND B.BSTATUS = 'Y'
		AND P.PTYPE = 2
		<choose>
			<when test='searchCt == "all"'>AND (B.BTITLE LIKE '%'||#{search}||'%' OR B.USERID LIKE '%'||#{search}||'%')</when>
			<when test='searchCt == "title"'>AND B.BTITLE LIKE '%'||#{search}||'%'</when>
			<when test='searchCt == "writer"'>AND B.USERID LIKE '%'||#{search}||'%'</when>
		</choose>
		ORDER BY B.BNO DESC
	</select>
	
	<select id="selectTopSearchCount" resultType="_int">
		SELECT COUNT(*) 
        FROM BOARD B JOIN PRODUCT P ON(B.PCODE = P.PCODE) 
        WHERE BTNO = 1 AND BSTATUS = 'Y' AND PTYPE = 2
		<choose>
			<when test='searchCt == "all"'>AND (BTITLE LIKE '%'||#{search}||'%' OR USERID LIKE '%'||#{search}||'%')</when>
			<when test='searchCt == "title"'>AND BTITLE LIKE '%'||#{search}||'%'</when>
			<when test='searchCt == "writer"'>AND USERID LIKE '%'||#{search}||'%'</when>
		</choose>
	</select>
	
	
	
	<select id="selectPantsSearch" resultType="hashmap">
		SELECT B.*, A.NEWFILENAME, A.FILEPATH, P.*,
			   NVL((SELECT COUNT(*) FROM LIKELIST WHERE B.BNO = BNO GROUP BY B.BNO), 0) BLIKE
		FROM BOARD B JOIN ATTACHMENT A ON(B.BNO = A.BNO) JOIN PRODUCT P ON(B.PCODE = P.PCODE) 
		WHERE B.BTNO = 1
		AND A.FINDEX = 1
		AND B.BSTATUS = 'Y'
		AND P.PTYPE = 3
		<choose>
			<when test='searchCt == "all"'>AND (B.BTITLE LIKE '%'||#{search}||'%' OR B.USERID LIKE '%'||#{search}||'%')</when>
			<when test='searchCt == "title"'>AND B.BTITLE LIKE '%'||#{search}||'%'</when>
			<when test='searchCt == "writer"'>AND B.USERID LIKE '%'||#{search}||'%'</when>
		</choose>
		ORDER BY B.BNO DESC
	</select>
	
	<select id="selectPantsSearchCount" resultType="_int">
		SELECT COUNT(*) 
        FROM BOARD B JOIN PRODUCT P ON(B.PCODE = P.PCODE) 
        WHERE BTNO = 1 AND BSTATUS = 'Y' AND PTYPE = 3
		<choose>
			<when test='searchCt == "all"'>AND (BTITLE LIKE '%'||#{search}||'%' OR USERID LIKE '%'||#{search}||'%')</when>
			<when test='searchCt == "title"'>AND BTITLE LIKE '%'||#{search}||'%'</when>
			<when test='searchCt == "writer"'>AND USERID LIKE '%'||#{search}||'%'</when>
		</choose>
	</select>
	
</mapper>