<?xml version="1.0" encoding="UTF-8"?>
<!DOCTYPE mapper PUBLIC "-//mybatis.org//DTD Mapper 3.0//EN" "http://mybatis.org/dtd/mybatis-3-mapper.dtd">
<mapper namespace="tradeMapper">

	<resultMap type="hashmap" id="ResultMapBoard">
		<id property="BNO" column="BNO" javaType="string" jdbcType="NUMERIC" />
	</resultMap>
	
	<select id="selectTradeList" resultType="hashmap">
		SELECT B.*
			 , (SELECT COUNT(*) FROM ATTACHMENT WHERE BNO = B.BNO) AS FILECOUNT
			 , (SELECT NICKNAME FROM MEMBER WHERE USERID = B.USERID) AS WRITER
			 , TO_CHAR(BDATE,'YYYY.MM.DD') AS BDATE2CHAR
			 , (SELECT COUNT(*) FROM BOARDCOMMENT WHERE BNO = B.BNO) AS COMMENTS
		FROM BOARD B
		WHERE B.BTNO = 4 AND B.BSTATUS = 'Y'
		ORDER BY BDATE DESC, BNO DESC
	</select>
	
	<select id="selectTradeTotalContents" resultType="_int">
		SELECT COUNT(*) FROM BOARD WHERE BTNO = 4 AND BSTATUS = 'Y'
	</select>
	 
	<insert id="insertTrade" parameterType="Board">
		INSERT INTO BOARD
		VALUES (BOARD_SEQ.NEXTVAL, 4, #{bTitle}, #{bContents}, #{userId}, SYSDATE, 0, 'Y',NULL)
	</insert>

	<insert id="insertAttachment" parameterType="Attachment">

		<!-- selectKey 기능 -->
		<!-- 다른 테이블의 정보를 외래키로 가져올 경우 사용하는 기능 -->
		
		<selectKey keyProperty="bNo" resultType="_int" order="BEFORE">
			SELECT BOARD_SEQ.CURRVAL FROM DUAL
		</selectKey>

		INSERT INTO ATTACHMENT
		VALUES (ATTACHMENT_SEQ.NEXTVAL, #{oldFileName}, #{newFileName}, #{filePath}, DEFAULT, DEFAULT, #{bNo}, DEFAULT)
	</insert>
	
	<select id="selectOneTrade" parameterType="_int" resultMap="ResultMapBoard">
		SELECT B.*
			 , (SELECT NICKNAME FROM MEMBER WHERE USERID = B.USERID) AS WRITER
			 , TO_CHAR(BDATE, 'YYYY.MM.DD HH24:mi') AS BDATE2CHAR
			 , (SELECT COUNT(*) FROM BOARDCOMMENT WHERE BNO = B.BNO AND CSTATUS = 'Y' AND REVIEW = 'N') AS COMMENTCOUNT
		FROM BOARD B
		WHERE B.BNO = #{ bNo } AND b.BSTATUS = 'Y'
	</select>
	
	
	<select id="selectAttachmentList" parameterType="_int" resultType="hashmap">
		SELECT * FROM ATTACHMENT WHERE BNO = #{ bNo } ORDER BY ANO
	</select>
	
	<select id="selectTradeCommentList" parameterType="_int" resultType="hashmap">
		SELECT BC.*
			 , (SELECT NICKNAME FROM MEMBER WHERE USERID = BC.USERID) AS WRITER
			 , TO_CHAR(CDATE, 'YYYY.MM.DD HH24:mi') AS DATE2CHAR
		FROM BOARDCOMMENT BC
		WHERE BC.BNO = #{ bNo } AND BC.CSTATUS = 'Y' AND BC.REVIEW = 'N'
		ORDER BY CDATE, BCNO
	</select>
	
	<update id="updateViews" parameterType="_int">
		UPDATE BOARD
		SET VIEWS = VIEWS + 1
		WHERE BNO = #{ bNo } AND BSTATUS = 'Y'
	</update> 
	
	<update id="updateTrade" parameterType="hashmap">
		UPDATE BOARD
		SET BTITLE = #{ BTITLE },
		    BCONTENTS = #{ BCONTENTS }
		WHERE BNO = #{ BNO }
	</update>
	
	<insert id="updateAttachment" parameterType="hashmap">
		INSERT INTO ATTACHMENT VALUES
		(ATTACHMENT_SEQ.NEXTVAL, #{OLDFILENAME}, #{NEWFILENAME}, #{FILEPATH}, DEFAULT, DEFAULT, #{BNO}, DEFAULT)
	</insert>
	
	<delete id="deleteAttachment" parameterType="_int">
		DELETE FROM ATTACHMENT WHERE BNO = #{ bNo }
	</delete>
	
	<update id="deleteTrade" parameterType="_int">
		UPDATE BOARD
		SET BSTATUS = 'N'
		WHERE BNO = #{bNo}
	</update>
	
	<delete id="deleteFile" parameterType="_int">
		DELETE FROM ATTACHMENT WHERE ANO = #{ aNo }
	</delete>
	
	<insert id="insertComment" parameterType="hashmap">
		INSERT INTO BOARDCOMMENT VALUES(BOARDCOMMENT_SEQ.NEXTVAL, #{BNO}, #{CCONTENTS}, #{USERID}, SYSDATE, 'Y', 'N', 0, DEFAULT)
	</insert>
	
	<update id="deleteComment" parameterType="_int">
		UPDATE BOARDCOMMENT
		SET CSTATUS = 'N'
		WHERE BCNO = #{ bcNo }
	</update> 
	
</mapper>